x,y,id
406,600,0
397,500,0
307,400,0
1014,200,0
1411,400,0
1501,500,0
1474,600,0
980,600,1
953,500,1
953,400,1
863,500,1
890,600,1
1348,600,2
1321,500,2
1321,400,2
614,200,2
585,400,2
585,500,2
558,600,2
854,600,3
863,500,3
1133,400,3
1133,500,3
1142,600,3
1258,600,4
1231,500,4
1231,400,4
1411,500,4
1402,600,4
1420,600,5
1411,500,5
1231,400,5
1231,500,5
1258,600,5
926,600,6
953,500,6
953,400,6
614,200,6
585,400,6
495,500,6
522,600,6
522,600,7
495,500,7
495,400,7
214,200,7
127,400,7
307,500,7
298,600,7
890,600,8
863,500,8
1133,400,8
1133,500,8
1142,600,8
890,600,9
863,500,9
1133,400,9
953,500,9
926,600,9
1204,600,10
1231,500,10
1501,400,10
1414,200,10
397,400,10
127,500,10
100,600,10
1420,600,11
1411,500,11
1231,400,11
214,200,11
127,400,11
397,500,11
406,600,11
1474,600,12
1501,500,12
1321,400,12
614,200,12
585,400,12
675,500,12
648,600,12
792,600,13
765,500,13
585,400,13
614,200,13
217,400,13
217,500,13
208,600,13
756,600,14
765,500,14
585,400,14
614,200,14
953,400,14
953,500,14
926,600,14
854,600,15
863,500,15
953,400,15
1133,500,15
1124,600,15
1160,600,16
1133,500,16
1043,400,16
1043,500,16
1070,600,16
702,600,17
675,500,17
495,400,17
585,500,17
558,600,17
1384,600,18
1411,500,18
1501,400,18
1414,200,18
397,400,18
397,500,18
424,600,18
1510,600,19
1501,500,19
1411,400,19
1321,500,19
1294,600,19
1142,600,20
1133,500,20
953,400,20
953,500,20
944,600,20
872,600,21
863,500,21
1133,400,21
1414,200,21
765,400,21
495,500,21
486,600,21
468,600,22
495,500,22
765,400,22
1414,200,22
1501,400,22
1231,500,22
1222,600,22
388,600,23
397,500,23
307,400,23
1014,200,23
1043,400,23
1043,500,23
1070,600,23
486,600,24
495,500,24
495,400,24
214,200,24
1231,400,24
1231,500,24
1204,600,24
1384,600,25
1411,500,25
1501,400,25
1414,200,25
765,400,25
675,500,25
666,600,25
280,600,26
307,500,26
307,400,26
127,500,26
136,600,26
190,600,27
217,500,27
244,600,27
872,600,28
863,500,28
863,400,28
214,200,28
1231,400,28
1411,500,28
1384,600,28
1492,600,29
1501,500,29
1321,400,29
614,200,29
217,400,29
127,500,29
154,600,29
558,600,30
585,500,30
495,400,30
214,200,30
863,400,30
953,500,30
962,600,30
1474,600,31
1501,500,31
1321,400,31
1321,500,31
1348,600,31
388,600,32
397,500,32
307,400,32
1014,200,32
1411,400,32
1231,500,32
1258,600,32
1384,600,33
1411,500,33
1411,400,33
1501,500,33
1510,600,33
1492,600,34
1501,500,34
1231,400,34
214,200,34
495,400,34
495,500,34
504,600,34
1124,600,35
1133,500,35
953,400,35
614,200,35
217,400,35
127,500,35
100,600,35
926,600,36
953,500,36
1133,400,36
863,500,36
854,600,36
962,600,37
953,500,37
953,400,37
614,200,37
1321,400,37
1501,500,37
1528,600,37
504,600,38
495,500,38
765,400,38
1414,200,38
1501,400,38
1501,500,38
1474,600,38
316,600,39
307,500,39
280,600,39
1034,600,40
1043,500,40
1043,400,40
1014,200,40
1411,400,40
1411,500,40
1384,600,40
594,600,41
585,500,41
585,400,41
614,200,41
953,400,41
1133,500,41
1106,600,41
1402,600,42
1411,500,42
1231,400,42
214,200,42
863,400,42
1043,500,42
1052,600,42
1070,600,43
1043,500,43
1043,400,43
1014,200,43
307,400,43
127,500,43
118,600,43
980,600,44
953,500,44
863,400,44
214,200,44
1231,400,44
1501,500,44
1492,600,44
1070,600,45
1043,500,45
1034,600,45
836,600,46
863,500,46
1043,400,46
1014,200,46
675,400,46
765,500,46
756,600,46
280,600,47
307,500,47
307,400,47
1014,200,47
1043,400,47
1043,500,47
1034,600,47
980,600,48
953,500,48
1043,400,48
1014,200,48
307,400,48
127,500,48
136,600,48
1258,600,49
1231,500,49
1321,400,49
614,200,49
953,400,49
1043,500,49
1034,600,49
100,600,50
127,500,50
154,600,50
1016,600,51
1043,500,51
1070,600,51
1384,600,52
1411,500,52
1321,400,52
614,200,52
585,400,52
495,500,52
468,600,52
316,600,53
307,500,53
334,600,53
1106,600,54
1133,500,54
863,400,54
953,500,54
980,600,54
944,600,55
953,500,55
953,400,55
614,200,55
585,400,55
585,500,55
612,600,55
648,600,56
675,500,56
765,400,56
585,500,56
594,600,56
1240,600,57
1231,500,57
1231,400,57
1321,500,57
1348,600,57
774,600,58
765,500,58
765,400,58
1414,200,58
397,400,58
397,500,58
424,600,58
612,600,59
585,500,59
675,400,59
495,500,59
468,600,59
666,600,60
675,500,60
765,400,60
1414,200,60
1501,400,60
1411,500,60
1420,600,60
298,600,61
307,500,61
217,400,61
614,200,61
953,400,61
1043,500,61
1070,600,61
1124,600,62
1133,500,62
1133,400,62
1414,200,62
397,400,62
307,500,62
334,600,62
1070,600,63
1043,500,63
1043,400,63
1014,200,63
307,400,63
127,500,63
118,600,63
926,600,64
953,500,64
863,400,64
214,200,64
1231,400,64
1411,500,64
1438,600,64
1034,600,65
1043,500,65
1043,400,65
1014,200,65
675,400,65
675,500,65
702,600,65
190,600,66
217,500,66
397,400,66
1414,200,66
1133,400,66
863,500,66
872,600,66
774,600,67
765,500,67
495,400,67
214,200,67
127,400,67
307,500,67
298,600,67
756,600,68
765,500,68
495,400,68
214,200,68
127,400,68
127,500,68
136,600,68
334,600,69
307,500,69
307,400,69
1014,200,69
675,400,69
495,500,69
468,600,69
1330,600,70
1321,500,70
1411,400,70
1501,500,70
1492,600,70
756,600,71
765,500,71
495,400,71
214,200,71
127,400,71
127,500,71
136,600,71
486,600,72
495,500,72
495,400,72
214,200,72
1231,400,72
1501,500,72
1492,600,72
1052,600,73
1043,500,73
953,400,73
614,200,73
1321,400,73
1321,500,73
1330,600,73
980,600,74
953,500,74
1133,400,74
1414,200,74
765,400,74
585,500,74
558,600,74
316,600,75
307,500,75
397,400,75
397,500,75
424,600,75
1160,600,76
1133,500,76
1133,400,76
1414,200,76
397,400,76
397,500,76
388,600,76
226,600,77
217,500,77
127,400,77
214,200,77
495,400,77
495,500,77
504,600,77
962,600,78
953,500,78
863,400,78
214,200,78
1231,400,78
1231,500,78
1258,600,78
208,600,79
217,500,79
217,400,79
307,500,79
334,600,79
774,600,80
765,500,80
585,400,80
614,200,80
217,400,80
127,500,80
118,600,80
944,600,81
953,500,81
953,400,81
614,200,81
217,400,81
307,500,81
316,600,81
1222,600,82
1231,500,82
1231,400,82
214,200,82
495,400,82
585,500,82
594,600,82
836,600,83
863,500,83
890,600,83
648,600,84
675,500,84
675,400,84
495,500,84
522,600,84
1070,600,85
1043,500,85
1133,400,85
1414,200,85
397,400,85
127,500,85
154,600,85
280,600,86
307,500,86
217,400,86
614,200,86
1321,400,86
1501,500,86
1492,600,86
244,600,87
217,500,87
127,400,87
214,200,87
1231,400,87
1321,500,87
1330,600,87
1240,600,88
1231,500,88
1411,400,88
1014,200,88
675,400,88
495,500,88
486,600,88
702,600,89
675,500,89
675,400,89
585,500,89
576,600,89
208,600,90
217,500,90
217,400,90
614,200,90
1321,400,90
1411,500,90
1384,600,90
1312,600,91
1321,500,91
1411,400,91
1014,200,91
307,400,91
397,500,91
370,600,91
738,600,92
765,500,92
495,400,92
585,500,92
576,600,92
136,600,93
127,500,93
307,400,93
397,500,93
370,600,93
1106,600,94
1133,500,94
863,400,94
214,200,94
495,400,94
585,500,94
576,600,94
774,600,95
765,500,95
765,400,95
675,500,95
702,600,95
1312,600,96
1321,500,96
1231,400,96
214,200,96
127,400,96
127,500,96
118,600,96
118,600,97
127,500,97
307,400,97
1014,200,97
1043,400,97
1133,500,97
1106,600,97
1160,600,98
1133,500,98
953,400,98
614,200,98
1321,400,98
1411,500,98
1384,600,98
1160,600,99
1133,500,99
1133,400,99
1414,200,99
1501,400,99
1411,500,99
1402,600,99
702,600,100
675,500,100
585,400,100
614,200,100
217,400,100
397,500,100
370,600,100
836,600,101
863,500,101
863,400,101
214,200,101
1231,400,101
1231,500,101
1240,600,101
962,600,102
953,500,102
953,400,102
614,200,102
1321,400,102
1501,500,102
1510,600,102
1510,600,103
1501,500,103
1501,400,103
1414,200,103
1133,400,103
1133,500,103
1106,600,103
1052,600,104
1043,500,104
863,400,104
214,200,104
1231,400,104
1321,500,104
1330,600,104
1016,600,105
1043,500,105
1133,400,105
1414,200,105
397,400,105
127,500,105
154,600,105
648,600,106
675,500,106
495,400,106
214,200,106
127,400,106
397,500,106
406,600,106
1106,600,107
1133,500,107
953,400,107
1043,500,107
1052,600,107
190,600,108
217,500,108
397,400,108
1414,200,108
1501,400,108
1321,500,108
1330,600,108
226,600,109
217,500,109
397,400,109
1414,200,109
765,400,109
495,500,109
486,600,109
100,600,110
127,500,110
217,400,110
614,200,110
1321,400,110
1501,500,110
1474,600,110
1052,600,111
1043,500,111
863,400,111
1133,500,111
1106,600,111
684,600,112
675,500,112
585,400,112
614,200,112
953,400,112
1043,500,112
1052,600,112
1016,600,113
1043,500,113
1043,400,113
1014,200,113
307,400,113
307,500,113
334,600,113
684,600,114
675,500,114
765,400,114
1414,200,114
397,400,114
217,500,114
226,600,114
612,600,115
585,500,115
765,400,115
1414,200,115
1501,400,115
1231,500,115
1222,600,115
280,600,116
307,500,116
307,400,116
1014,200,116
1411,400,116
1321,500,116
1330,600,116
890,600,117
863,500,117
953,400,117
614,200,117
1321,400,117
1321,500,117
1348,600,117
774,600,118
765,500,118
585,400,118
495,500,118
486,600,118
522,600,119
495,500,119
765,400,119
1414,200,119
397,400,119
127,500,119
100,600,119
1034,600,120
1043,500,120
1043,400,120
1014,200,120
1411,400,120
1411,500,120
1420,600,120
406,600,121
397,500,121
388,600,121
522,600,122
495,500,122
675,400,122
1014,200,122
307,400,122
127,500,122
100,600,122
1438,600,123
1411,500,123
1321,400,123
1501,500,123
1474,600,123
486,600,124
495,500,124
468,600,124
406,600,125
397,500,125
217,400,125
307,500,125
298,600,125
118,600,126
127,500,126
217,400,126
614,200,126
585,400,126
585,500,126
558,600,126
1204,600,127
1231,500,127
1501,400,127
1414,200,127
765,400,127
675,500,127
666,600,127
244,600,128
217,500,128
217,400,128
614,200,128
1321,400,128
1501,500,128
1492,600,128
226,600,129
217,500,129
127,400,129
214,200,129
495,400,129
585,500,129
594,600,129
1312,600,130
1321,500,130
1231,400,130
214,200,130
863,400,130
1133,500,130
1124,600,130
854,600,131
863,500,131
872,600,131
684,600,132
675,500,132
495,400,132
214,200,132
863,400,132
863,500,132
836,600,132
388,600,133
397,500,133
397,400,133
1414,200,133
765,400,133
585,500,133
612,600,133
792,600,134
765,500,134
765,400,134
1414,200,134
397,400,134
127,500,134
100,600,134
468,600,135
495,500,135
585,400,135
585,500,135
576,600,135
890,600,136
863,500,136
1043,400,136
953,500,136
926,600,136
1294,600,137
1321,500,137
1231,400,137
214,200,137
127,400,137
397,500,137
406,600,137
1106,600,138
1133,500,138
863,400,138
863,500,138
854,600,138
226,600,139
217,500,139
127,400,139
214,200,139
495,400,139
675,500,139
684,600,139
854,600,140
863,500,140
872,600,140
1142,600,141
1133,500,141
953,400,141
614,200,141
1321,400,141
1411,500,141
1438,600,141
1124,600,142
1133,500,142
1043,400,142
1014,200,142
1411,400,142
1411,500,142
1384,600,142
836,600,143
863,500,143
1043,400,143
1043,500,143
1016,600,143
926,600,144
953,500,144
863,400,144
214,200,144
127,400,144
307,500,144
298,600,144
684,600,145
675,500,145
495,400,145
495,500,145
504,600,145
244,600,146
217,500,146
397,400,146
1414,200,146
1133,400,146
1133,500,146
1160,600,146
298,600,147
307,500,147
127,400,147
214,200,147
495,400,147
765,500,147
756,600,147
792,600,148
765,500,148
765,400,148
585,500,148
594,600,148
836,600,149
863,500,149
1043,400,149
1014,200,149
1411,400,149
1411,500,149
1402,600,149
468,600,150
495,500,150
495,400,150
214,200,150
863,400,150
863,500,150
872,600,150
872,600,151
863,500,151
1043,400,151
1014,200,151
675,400,151
585,500,151
576,600,151
854,600,152
863,500,152
1133,400,152
1414,200,152
765,400,152
495,500,152
522,600,152
280,600,153
307,500,153
217,400,153
614,200,153
953,400,153
863,500,153
890,600,153
136,600,154
127,500,154
397,400,154
217,500,154
226,600,154
1258,600,155
1231,500,155
1411,400,155
1014,200,155
1043,400,155
863,500,155
872,600,155
316,600,156
307,500,156
307,400,156
217,500,156
244,600,156
486,600,157
495,500,157
765,400,157
1414,200,157
1501,400,157
1501,500,157
1474,600,157
756,600,158
765,500,158
495,400,158
214,200,158
127,400,158
127,500,158
118,600,158
1330,600,159
1321,500,159
1321,400,159
614,200,159
585,400,159
495,500,159
468,600,159
388,600,160
397,500,160
397,400,160
1414,200,160
1133,400,160
953,500,160
962,600,160
118,600,161
127,500,161
397,400,161
1414,200,161
765,400,161
585,500,161
576,600,161
1034,600,162
1043,500,162
863,400,162
214,200,162
495,400,162
675,500,162
648,600,162
890,600,163
863,500,163
863,400,163
214,200,163
127,400,163
217,500,163
244,600,163
118,600,164
127,400,164
127,400,164
214,200,164
495,400,164
675,500,164
702,600,164
836,600,165
863,500,165
872,600,165
1438,600,166
1411,500,166
1411,400,166
1231,500,166
1240,600,166
774,600,167
765,500,167
585,400,167
614,200,167
1321,400,167
1501,500,167
1510,600,167
136,600,168
127,500,168
307,400,168
1014,200,168
675,400,168
765,500,168
792,600,168
154,600,169
127,500,169
217,400,169
614,200,169
953,400,169
863,500,169
836,600,169
1070,600,170
1043,500,170
1043,400,170
1014,200,170
307,400,170
217,500,170
208,600,170
872,600,171
863,500,171
1133,400,171
953,500,171
962,600,171
756,600,172
765,500,172
675,400,172
1014,200,172
307,400,172
127,500,172
118,600,172
1438,600,173
1411,500,173
1231,400,173
214,200,173
127,400,173
307,500,173
316,600,173
1528,600,174
1501,500,174
1411,400,174
1411,500,174
1420,600,174
1258,600,175
1231,500,175
1501,400,175
1414,200,175
397,400,175
217,500,175
244,600,175
612,600,176
585,500,176
765,400,176
1414,200,176
397,400,176
397,500,176
406,600,176
872,600,177
863,500,177
1043,400,177
1043,500,177
1034,600,177
1160,600,178
1133,500,178
953,400,178
614,200,178
217,400,178
217,500,178
190,600,178
370,600,179
397,500,179
217,400,179
614,200,179
953,400,179
863,500,179
854,600,179
154,600,180
127,400,180
127,400,180
214,200,180
495,400,180
675,500,180
684,600,180
980,600,181
953,500,181
953,400,181
614,200,181
1321,400,181
1321,500,181
1330,600,181
1052,600,182
1043,500,182
863,400,182
214,200,182
127,400,182
307,500,182
298,600,182
1492,600,183
1501,500,183
1501,400,183
1414,200,183
397,400,183
397,500,183
370,600,183
334,600,184
307,500,184
127,400,184
214,200,184
1231,400,184
1321,500,184
1294,600,184
136,600,185
127,500,185
217,400,185
614,200,185
1321,400,185
1501,500,185
1510,600,185
388,600,186
397,500,186
307,400,186
1014,200,186
675,400,186
675,500,186
648,600,186
1438,600,187
1411,500,187
1321,400,187
614,200,187
953,400,187
863,500,187
890,600,187
298,600,188
307,500,188
217,400,188
397,500,188
406,600,188
962,600,189
953,500,189
953,400,189
614,200,189
217,400,189
217,500,189
226,600,189
1142,600,190
1133,500,190
1124,600,190
1204,600,191
1231,500,191
1231,400,191
214,200,191
127,400,191
307,500,191
280,600,191
1312,600,192
1321,500,192
1501,400,192
1414,200,192
765,400,192
765,500,192
792,600,192
962,600,193
953,500,193
863,400,193
214,200,193
1231,400,193
1411,500,193
1438,600,193
486,600,194
495,500,194
495,400,194
214,200,194
1231,400,194
1501,500,194
1492,600,194
370,600,195
397,500,195
424,600,195
406,600,196
397,500,196
127,400,196
214,200,196
495,400,196
495,500,196
468,600,196
1204,600,197
1231,500,197
1231,400,197
214,200,197
127,400,197
127,500,197
154,600,197
522,600,198
495,500,198
495,400,198
214,200,198
127,400,198
217,500,198
190,600,198
280,600,199
307,500,199
217,400,199
614,200,199
585,400,199
765,500,199
774,600,199
666,600,200
675,500,200
765,400,200
1414,200,200
1133,400,200
1043,500,200
1034,600,200
926,600,201
953,500,201
1133,400,201
1414,200,201
1501,400,201
1231,500,201
1222,600,201
1258,600,202
1231,500,202
1321,400,202
1411,500,202
1438,600,202
738,600,203
765,500,203
585,400,203
614,200,203
1321,400,203
1321,500,203
1312,600,203
1528,600,204
1501,500,204
1321,400,204
614,200,204
953,400,204
1043,500,204
1052,600,204
558,600,205
585,500,205
765,400,205
1414,200,205
1133,400,205
863,500,205
872,600,205
702,600,206
675,500,206
585,400,206
495,500,206
522,600,206
648,600,207
675,500,207
585,400,207
614,200,207
953,400,207
953,500,207
926,600,207
1016,600,208
1043,500,208
953,400,208
953,500,208
944,600,208
334,600,209
307,500,209
217,400,209
614,200,209
1321,400,209
1231,500,209
1204,600,209
1016,600,210
1043,500,210
863,400,210
953,500,210
980,600,210
1510,600,211
1501,500,211
1501,400,211
1414,200,211
1133,400,211
953,500,211
944,600,211
1384,600,212
1411,500,212
1231,400,212
214,200,212
495,400,212
585,500,212
576,600,212
558,600,213
585,500,213
585,400,213
614,200,213
217,400,213
307,500,213
334,600,213
738,600,214
765,500,214
585,400,214
614,200,214
1321,400,214
1501,500,214
1492,600,214
962,600,215
953,500,215
1133,400,215
1414,200,215
765,400,215
585,500,215
558,600,215
648,600,216
675,500,216
765,400,216
1414,200,216
1501,400,216
1321,500,216
1348,600,216
666,600,217
675,500,217
585,400,217
495,500,217
486,600,217
962,600,218
953,500,218
1133,400,218
1414,200,218
397,400,218
307,500,218
280,600,218
774,600,219
765,500,219
765,400,219
1414,200,219
397,400,219
397,500,219
406,600,219
1528,600,220
1501,500,220
1231,400,220
1231,500,220
1240,600,220
504,600,221
495,500,221
675,400,221
675,500,221
684,600,221
774,600,222
765,500,222
585,400,222
614,200,222
217,400,222
217,500,222
226,600,222
792,600,223
765,500,223
675,400,223
585,500,223
612,600,223
370,600,224
397,500,224
397,400,224
1414,200,224
1133,400,224
863,500,224
872,600,224
1348,600,225
1321,500,225
1231,400,225
214,200,225
495,400,225
765,500,225
756,600,225
1330,600,226
1321,500,226
1321,400,226
614,200,226
953,400,226
863,500,226
872,600,226
226,600,227
217,500,227
127,400,227
214,200,227
1231,400,227
1231,500,227
1240,600,227
854,600,228
863,500,228
953,400,228
614,200,228
217,400,228
127,500,228
136,600,228
316,600,229
307,500,229
127,400,229
214,200,229
1231,400,229
1321,500,229
1312,600,229
1258,600,230
1231,500,230
1321,400,230
1411,500,230
1438,600,230
522,600,231
495,500,231
495,400,231
214,200,231
127,400,231
217,500,231
226,600,231
190,600,232
217,500,232
127,400,232
214,200,232
495,400,232
765,500,232
774,600,232
1240,600,233
1231,500,233
1501,400,233
1414,200,233
765,400,233
675,500,233
702,600,233
208,600,234
217,500,234
307,400,234
1014,200,234
1411,400,234
1501,500,234
1510,600,234
1438,600,235
1411,500,235
1231,400,235
214,200,235
495,400,235
495,500,235
468,600,235
1438,600,236
1411,500,236
1411,400,236
1014,200,236
1043,400,236
1133,500,236
1106,600,236
424,600,237
397,500,237
307,400,237
1014,200,237
1043,400,237
953,500,237
962,600,237
944,600,238
953,500,238
953,400,238
614,200,238
585,400,238
675,500,238
684,600,238
504,600,239
495,500,239
675,400,239
765,500,239
792,600,239
738,600,240
765,500,240
675,400,240
1014,200,240
1043,400,240
863,500,240
854,600,240
962,600,241
953,500,241
1043,400,241
1014,200,241
675,400,241
585,500,241
594,600,241
1106,600,242
1133,500,242
1142,600,242
1438,600,243
1411,500,243
1231,400,243
214,200,243
495,400,243
585,500,243
576,600,243
558,600,244
585,500,244
765,400,244
1414,200,244
1501,400,244
1501,500,244
1492,600,244
1492,600,245
1501,500,245
1501,400,245
1414,200,245
397,400,245
307,500,245
334,600,245
1160,600,246
1133,500,246
953,400,246
614,200,246
585,400,246
765,500,246
774,600,246
1438,600,247
1411,500,247
1231,400,247
214,200,247
863,400,247
1133,500,247
1160,600,247
854,600,248
863,500,248
953,400,248
614,200,248
585,400,248
585,500,248
558,600,248
792,600,249
765,500,249
675,400,249
495,500,249
468,600,249
244,600,250
217,500,250
307,400,250
1014,200,250
1043,400,250
1043,500,250
1034,600,250
1142,600,251
1133,500,251
953,400,251
614,200,251
217,400,251
307,500,251
280,600,251
1160,600,252
1133,500,252
953,400,252
953,500,252
962,600,252
1124,600,253
1133,500,253
1133,400,253
1414,200,253
397,400,253
127,500,253
136,600,253
1528,600,254
1501,500,254
1231,400,254
214,200,254
127,400,254
397,500,254
388,600,254
280,600,255
307,500,255
397,400,255
1414,200,255
1133,400,255
953,500,255
944,600,255
926,600,256
953,500,256
863,400,256
214,200,256
1231,400,256
1501,500,256
1510,600,256
1528,600,257
1501,500,257
1321,400,257
614,200,257
585,400,257
495,500,257
468,600,257
1258,600,258
1231,500,258
1411,400,258
1014,200,258
1043,400,258
1133,500,258
1142,600,258
118,600,259
127,500,259
217,400,259
307,500,259
316,600,259
280,600,260
307,500,260
397,400,260
1414,200,260
765,400,260
585,500,260
612,600,260
836,600,261
863,500,261
1133,400,261
1043,500,261
1070,600,261
576,600,262
585,500,262
495,400,262
214,200,262
127,400,262
397,500,262
406,600,262
872,600,263
863,500,263
863,400,263
1133,500,263
1124,600,263
980,600,264
953,500,264
1133,400,264
1414,200,264
1501,400,264
1231,500,264
1222,600,264
962,600,265
953,500,265
953,400,265
614,200,265
1321,400,265
1501,500,265
1510,600,265
468,600,266
495,500,266
495,400,266
214,200,266
863,400,266
953,500,266
962,600,266
1438,600,267
1411,500,267
1321,400,267
1231,500,267
1258,600,267
522,600,268
495,500,268
468,600,268
1204,600,269
1231,500,269
1321,400,269
614,200,269
585,400,269
585,500,269
576,600,269
1016,600,270
1043,500,270
1043,400,270
1014,200,270
675,400,270
585,500,270
576,600,270
1124,600,271
1133,500,271
1133,400,271
1414,200,271
397,400,271
397,500,271
370,600,271
1348,600,272
1321,500,272
1231,400,272
214,200,272
127,400,272
397,500,272
406,600,272
298,600,273
307,500,273
127,400,273
214,200,273
495,400,273
675,500,273
666,600,273
836,600,274
863,500,274
953,400,274
614,200,274
585,400,274
765,500,274
738,600,274
1052,600,275
1043,500,275
1043,400,275
1014,200,275
675,400,275
495,500,275
522,600,275
190,600,276
217,500,276
127,400,276
214,200,276
1231,400,276
1321,500,276
1312,600,276
154,600,277
127,400,277
127,400,277
214,200,277
863,400,277
1133,500,277
1106,600,277
370,600,278
397,500,278
127,400,278
214,200,278
863,400,278
953,500,278
980,600,278
1034,600,279
1043,500,279
953,400,279
614,200,279
585,400,279
495,500,279
522,600,279
280,600,280
307,500,280
217,400,280
397,500,280
388,600,280
612,600,281
585,500,281
495,400,281
214,200,281
863,400,281
863,500,281
872,600,281
792,600,282
765,500,282
675,400,282
585,500,282
558,600,282
226,600,283
217,500,283
217,400,283
614,200,283
585,400,283
765,500,283
756,600,283
854,600,284
863,500,284
953,400,284
614,200,284
585,400,284
585,500,284
558,600,284
406,600,285
397,500,285
397,400,285
1414,200,285
1133,400,285
1043,500,285
1034,600,285
1384,600,286
1411,500,286
1501,400,286
1414,200,286
765,400,286
675,500,286
684,600,286
1528,600,287
1501,500,287
1411,400,287
1231,500,287
1258,600,287
774,600,288
765,500,288
675,400,288
1014,200,288
1411,400,288
1231,500,288
1258,600,288
1384,600,289
1411,500,289
1321,400,289
614,200,289
953,400,289
863,500,289
872,600,289
1384,600,290
1411,500,290
1321,400,290
614,200,290
217,400,290
397,500,290
406,600,290
1258,600,291
1231,500,291
1231,400,291
214,200,291
863,400,291
1133,500,291
1160,600,291
1160,600,292
1133,500,292
953,400,292
614,200,292
217,400,292
397,500,292
424,600,292
576,600,293
585,500,293
585,400,293
614,200,293
1321,400,293
1501,500,293
1492,600,293
1402,600,294
1411,500,294
1231,400,294
214,200,294
863,400,294
1043,500,294
1070,600,294
1474,600,295
1501,500,295
1231,400,295
214,200,295
495,400,295
765,500,295
774,600,295
854,600,296
863,500,296
1043,400,296
1014,200,296
1411,400,296
1231,500,296
1240,600,296
962,600,297
953,500,297
944,600,297
1384,600,298
1411,500,298
1402,600,298
702,600,299
675,500,299
495,400,299
214,200,299
863,400,299
863,500,299
872,600,299
854,600,300
863,500,300
1043,400,300
1014,200,300
675,400,300
675,500,300
666,600,300
504,600,301
495,500,301
765,400,301
1414,200,301
397,400,301
307,500,301
298,600,301
1438,600,302
1411,500,302
1384,600,302
244,600,303
217,500,303
217,400,303
614,200,303
585,400,303
675,500,303
684,600,303
1402,600,304
1411,500,304
1321,400,304
614,200,304
953,400,304
1133,500,304
1124,600,304
208,600,305
217,500,305
307,400,305
1014,200,305
1043,400,305
1133,500,305
1124,600,305
926,600,306
953,500,306
1043,400,306
1014,200,306
675,400,306
675,500,306
702,600,306
226,600,307
217,500,307
217,400,307
614,200,307
953,400,307
1133,500,307
1124,600,307
1142,600,308
1133,500,308
953,400,308
614,200,308
217,400,308
217,500,308
244,600,308
1312,600,309
1321,500,309
1411,400,309
1014,200,309
675,400,309
765,500,309
792,600,309
1240,600,310
1231,500,310
1321,400,310
614,200,310
953,400,310
953,500,310
962,600,310
1294,600,311
1321,500,311
1501,400,311
1231,500,311
1240,600,311
226,600,312
217,500,312
217,400,312
127,500,312
118,600,312
1204,600,313
1231,500,313
1411,400,313
1014,200,313
1043,400,313
1133,500,313
1142,600,313
792,600,314
765,500,314
585,400,314
585,500,314
558,600,314
576,600,315
585,500,315
585,400,315
614,200,315
953,400,315
1043,500,315
1052,600,315
1034,600,316
1043,500,316
953,400,316
614,200,316
1321,400,316
1501,500,316
1510,600,316
926,600,317
953,500,317
863,400,317
214,200,317
495,400,317
675,500,317
666,600,317
1106,600,318
1133,500,318
1142,600,318
756,600,319
765,500,319
585,400,319
585,500,319
576,600,319
1312,600,320
1321,500,320
1411,400,320
1014,200,320
307,400,320
217,500,320
208,600,320
702,600,321
675,500,321
675,400,321
1014,200,321
1043,400,321
1043,500,321
1016,600,321
334,600,322
307,500,322
280,600,322
648,600,323
675,500,323
765,400,323
1414,200,323
1501,400,323
1321,500,323
1330,600,323
1492,600,324
1501,500,324
1411,400,324
1014,200,324
1043,400,324
1133,500,324
1124,600,324
1402,600,325
1411,500,325
1411,400,325
1014,200,325
307,400,325
397,500,325
370,600,325
522,600,326
495,500,326
495,400,326
214,200,326
127,400,326
397,500,326
370,600,326
872,600,327
863,500,327
1043,400,327
1014,200,327
307,400,327
397,500,327
406,600,327
684,600,328
675,500,328
585,400,328
495,500,328
468,600,328
1492,600,329
1501,500,329
1321,400,329
614,200,329
217,400,329
127,500,329
136,600,329
1474,600,330
1501,500,330
1231,400,330
214,200,330
127,400,330
307,500,330
298,600,330
244,600,331
217,500,331
307,400,331
307,500,331
316,600,331
1474,600,332
1501,500,332
1411,400,332
1014,200,332
1043,400,332
863,500,332
836,600,332
756,600,333
765,500,333
495,400,333
214,200,333
1231,400,333
1231,500,333
1204,600,333
316,600,334
307,500,334
127,400,334
214,200,334
863,400,334
1043,500,334
1016,600,334
406,600,335
397,500,335
307,400,335
307,500,335
334,600,335
684,600,336
675,500,336
495,400,336
214,200,336
127,400,336
217,500,336
226,600,336
118,600,337
127,400,337
127,400,337
307,500,337
280,600,337
612,600,338
585,500,338
765,400,338
495,500,338
522,600,338
738,600,339
765,500,339
675,400,339
675,500,339
648,600,339
1204,600,340
1231,500,340
1411,400,340
1014,200,340
1043,400,340
863,500,340
836,600,340
872,600,341
863,500,341
863,400,341
1133,500,341
1160,600,341
280,600,342
307,500,342
217,400,342
397,500,342
406,600,342
1384,600,343
1411,500,343
1321,400,343
614,200,343
585,400,343
675,500,343
648,600,343
684,600,344
675,500,344
702,600,344
738,600,345
765,500,345
765,400,345
495,500,345
486,600,345
756,600,346
765,500,346
675,400,346
1014,200,346
1411,400,346
1321,500,346
1312,600,346
1124,600,347
1133,500,347
1043,400,347
1014,200,347
307,400,347
217,500,347
244,600,347
1222,600,348
1231,500,348
1321,400,348
614,200,348
217,400,348
217,500,348
244,600,348
1160,600,349
1133,500,349
863,400,349
214,200,349
495,400,349
675,500,349
702,600,349
1294,600,350
1321,500,350
1501,400,350
1414,200,350
397,400,350
307,500,350
316,600,350
612,600,351
585,500,351
585,400,351
614,200,351
953,400,351
953,500,351
944,600,351
684,600,352
675,500,352
495,400,352
214,200,352
1231,400,352
1501,500,352
1510,600,352
370,600,353
397,500,353
217,400,353
614,200,353
1321,400,353
1231,500,353
1258,600,353
648,600,354
675,500,354
675,400,354
1014,200,354
307,400,354
307,500,354
280,600,354
100,600,355
127,500,355
217,400,355
614,200,355
953,400,355
1043,500,355
1070,600,355
486,600,356
495,500,356
495,400,356
585,500,356
576,600,356
1204,600,357
1231,500,357
1321,400,357
614,200,357
217,400,357
397,500,357
406,600,357
154,600,358
127,400,358
127,400,358
214,200,358
863,400,358
1133,500,358
1124,600,358
522,600,359
495,500,359
765,400,359
765,500,359
792,600,359
504,600,360
495,500,360
675,400,360
1014,200,360
1043,400,360
953,500,360
944,600,360
612,600,361
585,500,361
585,400,361
614,200,361
217,400,361
397,500,361
406,600,361
226,600,362
217,500,362
307,400,362
1014,200,362
1043,400,362
1133,500,362
1160,600,362
118,600,363
127,500,363
307,400,363
1014,200,363
1043,400,363
953,500,363
962,600,363
504,600,364
495,500,364
675,400,364
1014,200,364
1043,400,364
1133,500,364
1160,600,364
1124,600,365
1133,500,365
863,400,365
214,200,365
1231,400,365
1501,500,365
1510,600,365
836,600,366
863,500,366
863,400,366
214,200,366
495,400,366
765,500,366
756,600,366
1348,600,367
1321,500,367
1231,400,367
214,200,367
127,400,367
127,500,367
154,600,367
1124,600,368
1133,500,368
953,400,368
614,200,368
585,400,368
585,500,368
558,600,368
558,600,369
585,500,369
594,600,369
424,600,370
397,500,370
127,400,370
214,200,370
1231,400,370
1321,500,370
1330,600,370
1492,600,371
1501,500,371
1411,400,371
1411,500,371
1438,600,371
1142,600,372
1133,500,372
1133,400,372
1414,200,372
397,400,372
127,500,372
154,600,372
1124,600,373
1133,500,373
1043,400,373
1014,200,373
675,400,373
495,500,373
468,600,373
1052,600,374
1043,500,374
953,400,374
614,200,374
585,400,374
585,500,374
558,600,374
154,600,375
127,500,375
397,400,375
217,500,375
226,600,375
854,600,376
863,500,376
863,400,376
214,200,376
495,400,376
495,500,376
504,600,376
756,600,377
765,500,377
585,400,377
495,500,377
468,600,377
1330,600,378
1321,500,378
1321,400,378
614,200,378
953,400,378
953,500,378
944,600,378
1160,600,379
1133,500,379
1133,400,379
1414,200,379
765,400,379
765,500,379
774,600,379
118,600,380
127,500,380
217,400,380
614,200,380
585,400,380
675,500,380
702,600,380
118,600,381
127,500,381
397,400,381
1414,200,381
765,400,381
675,500,381
648,600,381
774,600,382
765,500,382
765,400,382
1414,200,382
1133,400,382
953,500,382
980,600,382
388,600,383
397,500,383
217,400,383
614,200,383
585,400,383
675,500,383
666,600,383
1052,600,384
1043,500,384
1043,400,384
1014,200,384
1411,400,384
1501,500,384
1492,600,384
1330,600,385
1321,500,385
1501,400,385
1414,200,385
397,400,385
307,500,385
316,600,385
316,600,386
307,500,386
397,400,386
1414,200,386
765,400,386
675,500,386
684,600,386
1330,600,387
1321,500,387
1411,400,387
1014,200,387
675,400,387
585,500,387
558,600,387
226,600,388
217,500,388
217,400,388
614,200,388
953,400,388
863,500,388
836,600,388
468,600,389
495,500,389
585,400,389
585,500,389
612,600,389
1420,600,390
1411,500,390
1231,400,390
214,200,390
127,400,390
217,500,390
244,600,390
280,600,391
307,500,391
397,400,391
1414,200,391
765,400,391
585,500,391
612,600,391
468,600,392
495,500,392
765,400,392
1414,200,392
1501,400,392
1411,500,392
1402,600,392
1106,600,393
1133,500,393
1043,400,393
1014,200,393
307,400,393
307,500,393
334,600,393
576,600,394
585,500,394
675,400,394
1014,200,394
1411,400,394
1321,500,394
1294,600,394
926,600,395
953,500,395
1133,400,395
1414,200,395
397,400,395
307,500,395
316,600,395
190,600,396
217,500,396
217,400,396
614,200,396
953,400,396
1133,500,396
1106,600,396
1474,600,397
1501,500,397
1501,400,397
1414,200,397
765,400,397
495,500,397
468,600,397
702,600,398
675,500,398
495,400,398
214,200,398
1231,400,398
1411,500,398
1402,600,398
872,600,399
863,500,399
1043,400,399
1014,200,399
675,400,399
495,500,399
468,600,399
702,600,400
675,500,400
585,400,400
495,500,400
468,600,400
890,600,401
863,500,401
863,400,401
214,200,401
495,400,401
585,500,401
612,600,401
836,600,402
863,500,402
1133,400,402
1414,200,402
397,400,402
217,500,402
208,600,402
1070,600,403
1043,500,403
953,400,403
614,200,403
1321,400,403
1231,500,403
1258,600,403
298,600,404
307,500,404
307,400,404
1014,200,404
675,400,404
675,500,404
666,600,404
594,600,405
585,500,405
765,400,405
1414,200,405
1133,400,405
1043,500,405
1016,600,405
890,600,406
863,500,406
863,400,406
214,200,406
127,400,406
397,500,406
388,600,406
756,600,407
765,500,407
675,400,407
1014,200,407
307,400,407
217,500,407
244,600,407
1330,600,408
1321,500,408
1321,400,408
614,200,408
953,400,408
953,500,408
980,600,408
1312,600,409
1321,500,409
1231,400,409
214,200,409
863,400,409
953,500,409
926,600,409
154,600,410
127,500,410
136,600,410
1240,600,411
1231,500,411
1501,400,411
1414,200,411
397,400,411
127,500,411
118,600,411
738,600,412
765,500,412
675,400,412
675,500,412
684,600,412
208,600,413
217,500,413
217,400,413
614,200,413
1321,400,413
1321,500,413
1348,600,413
486,600,414
495,500,414
675,400,414
765,500,414
792,600,414
1294,600,415
1321,500,415
1321,400,415
614,200,415
953,400,415
863,500,415
836,600,415
962,600,416
953,500,416
863,400,416
214,200,416
127,400,416
397,500,416
388,600,416
388,600,417
397,500,417
307,400,417
307,500,417
298,600,417
854,600,418
863,500,418
1043,400,418
1014,200,418
307,400,418
127,500,418
154,600,418
1240,600,419
1231,500,419
1321,400,419
614,200,419
585,400,419
765,500,419
792,600,419
1294,600,420
1321,500,420
1231,400,420
1501,500,420
1510,600,420
1160,600,421
1133,500,421
1133,400,421
1414,200,421
1501,400,421
1411,500,421
1438,600,421
774,600,422
765,500,422
675,400,422
1014,200,422
1411,400,422
1231,500,422
1258,600,422
298,600,423
307,500,423
217,400,423
614,200,423
953,400,423
1043,500,423
1016,600,423
424,600,424
397,500,424
397,400,424
1414,200,424
1501,400,424
1411,500,424
1384,600,424
298,600,425
307,500,425
307,400,425
1014,200,425
675,400,425
585,500,425
576,600,425
1222,600,426
1231,500,426
1501,400,426
1414,200,426
1133,400,426
953,500,426
944,600,426
1528,600,427
1501,500,427
1321,400,427
614,200,427
585,400,427
495,500,427
522,600,427
944,600,428
953,500,428
1133,400,428
1043,500,428
1070,600,428
1438,600,429
1411,500,429
1321,400,429
614,200,429
217,400,429
127,500,429
136,600,429
738,600,430
765,500,430
675,400,430
1014,200,430
1411,400,430
1321,500,430
1330,600,430
100,600,431
127,500,431
307,400,431
1014,200,431
1411,400,431
1501,500,431
1510,600,431
388,600,432
397,500,432
217,400,432
614,200,432
585,400,432
765,500,432
792,600,432
1034,600,433
1043,500,433
1043,400,433
1014,200,433
1411,400,433
1231,500,433
1258,600,433
1240,600,434
1231,500,434
1411,400,434
1014,200,434
1043,400,434
953,500,434
944,600,434
136,600,435
127,500,435
217,400,435
614,200,435
953,400,435
953,500,435
962,600,435
666,600,436
675,500,436
495,400,436
214,200,436
127,400,436
217,500,436
244,600,436
1330,600,437
1321,500,437
1231,400,437
214,200,437
495,400,437
585,500,437
612,600,437
1106,600,438
1133,500,438
1043,400,438
1014,200,438
307,400,438
397,500,438
370,600,438
1070,600,439
1043,500,439
1034,600,439
980,600,440
953,500,440
926,600,440
226,600,441
217,500,441
307,400,441
1014,200,441
1411,400,441
1501,500,441
1474,600,441
100,600,442
127,500,442
217,400,442
614,200,442
585,400,442
585,500,442
594,600,442
612,600,443
585,500,443
765,400,443
1414,200,443
1501,400,443
1321,500,443
1294,600,443
334,600,444
307,500,444
307,400,444
1014,200,444
1411,400,444
1411,500,444
1384,600,444
926,600,445
953,500,445
953,400,445
614,200,445
217,400,445
397,500,445
406,600,445
926,600,446
953,500,446
953,400,446
1043,500,446
1070,600,446
648,600,447
675,500,447
702,600,447
1312,600,448
1321,500,448
1321,400,448
614,200,448
585,400,448
675,500,448
684,600,448
1142,600,449
1133,500,449
1133,400,449
1414,200,449
1501,400,449
1411,500,449
1438,600,449
154,600,450
127,400,450
127,400,450
307,500,450
280,600,450
1330,600,451
1321,500,451
1501,400,451
1414,200,451
397,400,451
307,500,451
280,600,451
1204,600,452
1231,500,452
1231,400,452
214,200,452
127,400,452
307,500,452
316,600,452
1222,600,453
1231,500,453
1321,400,453
614,200,453
585,400,453
765,500,453
756,600,453
558,600,454
585,500,454
495,400,454
214,200,454
127,400,454
397,500,454
388,600,454
756,600,455
765,500,455
765,400,455
1414,200,455
1501,400,455
1411,500,455
1420,600,455
1142,600,456
1133,500,456
863,400,456
214,200,456
127,400,456
307,500,456
316,600,456
1204,600,457
1231,500,457
1411,400,457
1014,200,457
307,400,457
217,500,457
208,600,457
522,600,458
495,500,458
675,400,458
1014,200,458
1411,400,458
1411,500,458
1420,600,458
1528,600,459
1501,500,459
1411,400,459
1014,200,459
675,400,459
585,500,459
576,600,459
522,600,460
495,500,460
495,400,460
214,200,460
1231,400,460
1321,500,460
1312,600,460
1142,600,461
1133,500,461
1043,400,461
1014,200,461
1411,400,461
1501,500,461
1492,600,461
836,600,462
863,500,462
1133,400,462
1414,200,462
1501,400,462
1321,500,462
1312,600,462
208,600,463
217,500,463
307,400,463
307,500,463
280,600,463
1258,600,464
1231,500,464
1501,400,464
1414,200,464
765,400,464
675,500,464
666,600,464
594,600,465
585,500,465
675,400,465
1014,200,465
1043,400,465
863,500,465
854,600,465
702,600,466
675,500,466
765,400,466
1414,200,466
1501,400,466
1321,500,466
1330,600,466
962,600,467
953,500,467
926,600,467
370,600,468
397,500,468
397,400,468
127,500,468
136,600,468
208,600,469
217,500,469
397,400,469
1414,200,469
1133,400,469
1133,500,469
1160,600,469
872,600,470
863,500,470
863,400,470
1043,500,470
1034,600,470
118,600,471
127,500,471
307,400,471
1014,200,471
675,400,471
495,500,471
504,600,471
226,600,472
217,500,472
397,400,472
1414,200,472
1133,400,472
953,500,472
962,600,472
1142,600,473
1133,500,473
863,400,473
214,200,473
495,400,473
765,500,473
738,600,473
486,600,474
495,500,474
585,400,474
614,200,474
217,400,474
397,500,474
388,600,474
208,600,475
217,500,475
217,400,475
614,200,475
953,400,475
1043,500,475
1052,600,475
208,600,476
217,500,476
397,400,476
1414,200,476
1501,400,476
1321,500,476
1348,600,476
190,600,477
217,500,477
127,400,477
127,500,477
136,600,477
1016,600,478
1043,500,478
1133,400,478
1414,200,478
1501,400,478
1411,500,478
1402,600,478
486,600,479
495,500,479
585,400,479
614,200,479
1321,400,479
1501,500,479
1492,600,479
774,600,480
765,500,480
765,400,480
1414,200,480
397,400,480
397,500,480
388,600,480
854,600,481
863,500,481
863,400,481
214,200,481
495,400,481
675,500,481
666,600,481
1240,600,482
1231,500,482
1501,400,482
1414,200,482
397,400,482
307,500,482
280,600,482
136,600,483
127,400,483
127,400,483
214,200,483
1231,400,483
1501,500,483
1474,600,483
1348,600,484
1321,500,484
1321,400,484
614,200,484
953,400,484
953,500,484
944,600,484
1142,600,485
1133,500,485
1133,400,485
1414,200,485
397,400,485
307,500,485
298,600,485
1016,600,486
1043,500,486
1133,400,486
1414,200,486
397,400,486
217,500,486
226,600,486
424,600,487
397,500,487
397,400,487
1414,200,487
765,400,487
585,500,487
576,600,487
370,600,488
397,500,488
397,400,488
307,500,488
280,600,488
504,600,489
495,500,489
675,400,489
1014,200,489
307,400,489
217,500,489
244,600,489
468,600,490
495,500,490
495,400,490
214,200,490
863,400,490
953,500,490
980,600,490
648,600,491
675,500,491
495,400,491
585,500,491
558,600,491
504,600,492
495,500,492
585,400,492
585,500,492
594,600,492
424,600,493
397,500,493
127,400,493
127,500,493
136,600,493
962,600,494
953,500,494
863,400,494
863,500,494
836,600,494
298,600,495
307,500,495
397,400,495
127,500,495
100,600,495
738,600,496
765,500,496
495,400,496
495,500,496
468,600,496
1240,600,497
1231,500,497
1231,400,497
214,200,497
127,400,497
307,500,497
316,600,497
280,600,498
307,500,498
397,400,498
217,500,498
190,600,498
1124,600,499
1133,500,499
1133,400,499
1414,200,499
1501,400,499
1231,500,499
1204,600,499
334,600,500
307,500,500
307,400,500
1014,200,500
1043,400,500
863,500,500
836,600,500
648,600,501
675,500,501
495,400,501
495,500,501
468,600,501
980,600,502
953,500,502
1043,400,502
1014,200,502
307,400,502
307,500,502
280,600,502
1294,600,503
1321,500,503
1231,400,503
214,200,503
863,400,503
1133,500,503
1160,600,503
774,600,504
765,500,504
765,400,504
1414,200,504
397,400,504
397,500,504
370,600,504
1070,600,505
1043,500,505
1133,400,505
1414,200,505
1501,400,505
1411,500,505
1420,600,505
1124,600,506
1133,500,506
1133,400,506
863,500,506
854,600,506
118,600,507
127,400,507
127,400,507
214,200,507
863,400,507
1043,500,507
1034,600,507
1124,600,508
1133,500,508
863,400,508
214,200,508
1231,400,508
1231,500,508
1222,600,508
486,600,509
495,500,509
675,400,509
1014,200,509
307,400,509
307,500,509
316,600,509
208,600,510
217,500,510
217,400,510
614,200,510
953,400,510
1133,500,510
1142,600,510
118,600,511
127,400,511
127,400,511
214,200,511
863,400,511
863,500,511
854,600,511
1330,600,512
1321,500,512
1411,400,512
1014,200,512
675,400,512
675,500,512
666,600,512
1294,600,513
1321,500,513
1411,400,513
1014,200,513
1043,400,513
1043,500,513
1070,600,513
118,600,514
127,500,514
397,400,514
217,500,514
226,600,514
944,600,515
953,500,515
1043,400,515
1014,200,515
675,400,515
675,500,515
648,600,515
244,600,516
217,500,516
127,400,516
214,200,516
1231,400,516
1231,500,516
1240,600,516
468,600,517
495,500,517
675,400,517
675,500,517
666,600,517
298,600,518
307,500,518
397,400,518
1414,200,518
1133,400,518
863,500,518
890,600,518
648,600,519
675,500,519
765,400,519
1414,200,519
1501,400,519
1501,500,519
1492,600,519
298,600,520
307,500,520
397,400,520
1414,200,520
1133,400,520
953,500,520
926,600,520
558,600,521
585,500,521
495,400,521
214,200,521
127,400,521
127,500,521
118,600,521
576,600,522
585,500,522
495,400,522
214,200,522
863,400,522
1133,500,522
1160,600,522
1258,600,523
1231,500,523
1231,400,523
214,200,523
495,400,523
675,500,523
684,600,523
316,600,524
307,500,524
127,400,524
397,500,524
388,600,524
1034,600,525
1043,500,525
1043,400,525
1014,200,525
1411,400,525
1321,500,525
1294,600,525
468,600,526
495,500,526
585,400,526
614,200,526
1321,400,526
1411,500,526
1402,600,526
702,600,527
675,500,527
648,600,527
468,600,528
495,500,528
765,400,528
1414,200,528
1501,400,528
1411,500,528
1384,600,528
522,600,529
495,500,529
765,400,529
1414,200,529
1133,400,529
863,500,529
872,600,529
926,600,530
953,500,530
944,600,530
1402,600,531
1411,500,531
1411,400,531
1014,200,531
1043,400,531
1043,500,531
1052,600,531
280,600,532
307,500,532
334,600,532
1510,600,533
1501,500,533
1411,400,533
1411,500,533
1384,600,533
424,600,534
397,500,534
127,400,534
214,200,534
1231,400,534
1231,500,534
1258,600,534
1034,600,535
1043,500,535
1043,400,535
1133,500,535
1124,600,535
792,600,536
765,500,536
765,400,536
1414,200,536
1501,400,536
1411,500,536
1438,600,536
1052,600,537
1043,500,537
1133,400,537
1414,200,537
765,400,537
675,500,537
648,600,537
1312,600,538
1321,500,538
1321,400,538
1501,500,538
1474,600,538
316,600,539
307,500,539
217,400,539
614,200,539
585,400,539
675,500,539
702,600,539
1492,600,540
1501,500,540
1231,400,540
214,200,540
495,400,540
675,500,540
648,600,540
1240,600,541
1231,500,541
1411,400,541
1014,200,541
307,400,541
127,500,541
136,600,541
1492,600,542
1501,500,542
1411,400,542
1014,200,542
307,400,542
397,500,542
424,600,542
702,600,543
675,500,543
585,400,543
614,200,543
217,400,543
217,500,543
226,600,543
792,600,544
765,500,544
495,400,544
214,200,544
1231,400,544
1501,500,544
1474,600,544
648,600,545
675,500,545
585,400,545
614,200,545
1321,400,545
1321,500,545
1348,600,545
1258,600,546
1231,500,546
1411,400,546
1014,200,546
307,400,546
307,500,546
280,600,546
926,600,547
953,500,547
1043,400,547
1014,200,547
307,400,547
397,500,547
370,600,547
316,600,548
307,500,548
127,400,548
214,200,548
495,400,548
585,500,548
558,600,548
854,600,549
863,500,549
1043,400,549
1014,200,549
675,400,549
495,500,549
468,600,549
1222,600,550
1231,500,550
1501,400,550
1321,500,550
1294,600,550
1438,600,551
1411,500,551
1501,400,551
1414,200,551
397,400,551
307,500,551
334,600,551
1492,600,552
1501,500,552
1231,400,552
214,200,552
495,400,552
675,500,552
684,600,552
1034,600,553
1043,500,553
1043,400,553
1133,500,553
1124,600,553
424,600,554
397,500,554
370,600,554
100,600,555
127,500,555
217,400,555
217,500,555
208,600,555
298,600,556
307,500,556
127,400,556
214,200,556
863,400,556
1133,500,556
1124,600,556
872,600,557
863,500,557
1043,400,557
1043,500,557
1070,600,557
1402,600,558
1411,500,558
1321,400,558
614,200,558
585,400,558
585,500,558
576,600,558
926,600,559
953,500,559
863,400,559
214,200,559
1231,400,559
1411,500,559
1420,600,559
738,600,560
765,500,560
675,400,560
1014,200,560
1411,400,560
1501,500,560
1510,600,560
298,600,561
307,500,561
127,400,561
214,200,561
1231,400,561
1231,500,561
1240,600,561
1348,600,562
1321,500,562
1231,400,562
214,200,562
127,400,562
217,500,562
226,600,562
190,600,563
217,500,563
397,400,563
397,500,563
424,600,563
334,600,564
307,500,564
127,400,564
214,200,564
1231,400,564
1411,500,564
1384,600,564
1258,600,565
1231,500,565
1501,400,565
1414,200,565
765,400,565
765,500,565
738,600,565
792,600,566
765,500,566
675,400,566
1014,200,566
1043,400,566
863,500,566
836,600,566
1492,600,567
1501,500,567
1411,400,567
1411,500,567
1384,600,567
1492,600,568
1501,500,568
1231,400,568
214,200,568
495,400,568
675,500,568
684,600,568
836,600,569
863,500,569
953,400,569
953,500,569
962,600,569
756,600,570
765,500,570
495,400,570
675,500,570
684,600,570
1052,600,571
1043,500,571
953,400,571
614,200,571
217,400,571
397,500,571
424,600,571
1160,600,572
1133,500,572
1133,400,572
953,500,572
962,600,572
244,600,573
217,500,573
397,400,573
1414,200,573
1133,400,573
953,500,573
962,600,573
648,600,574
675,500,574
495,400,574
214,200,574
1231,400,574
1411,500,574
1420,600,574
1438,600,575
1411,500,575
1321,400,575
614,200,575
217,400,575
307,500,575
280,600,575
1312,600,576
1321,500,576
1348,600,576
792,600,577
765,500,577
765,400,577
495,500,577
504,600,577
1330,600,578
1321,500,578
1411,400,578
1014,200,578
1043,400,578
953,500,578
962,600,578
1384,600,579
1411,500,579
1321,400,579
614,200,579
953,400,579
953,500,579
980,600,579
298,600,580
307,500,580
307,400,580
1014,200,580
675,400,580
675,500,580
684,600,580
980,600,581
953,500,581
1133,400,581
1414,200,581
1501,400,581
1321,500,581
1312,600,581
1438,600,582
1411,500,582
1321,400,582
1321,500,582
1348,600,582
298,600,583
307,500,583
217,400,583
614,200,583
953,400,583
1043,500,583
1034,600,583
756,600,584
765,500,584
495,400,584
214,200,584
1231,400,584
1231,500,584
1204,600,584
558,600,585
585,500,585
585,400,585
614,200,585
953,400,585
1043,500,585
1034,600,585
1052,600,586
1043,500,586
1043,400,586
1014,200,586
675,400,586
675,500,586
684,600,586
1402,600,587
1411,500,587
1321,400,587
1321,500,587
1312,600,587
962,600,588
953,500,588
863,400,588
214,200,588
1231,400,588
1231,500,588
1258,600,588
468,600,589
495,500,589
585,400,589
614,200,589
953,400,589
863,500,589
854,600,589
100,600,590
127,500,590
217,400,590
614,200,590
585,400,590
765,500,590
738,600,590
100,600,591
127,500,591
307,400,591
1014,200,591
1411,400,591
1231,500,591
1222,600,591
1330,600,592
1321,500,592
1411,400,592
1014,200,592
307,400,592
127,500,592
100,600,592
280,600,593
307,500,593
397,400,593
397,500,593
424,600,593
1124,600,594
1133,500,594
953,400,594
614,200,594
585,400,594
765,500,594
792,600,594
1070,600,595
1043,500,595
863,400,595
214,200,595
495,400,595
495,500,595
486,600,595
1348,600,596
1321,500,596
1411,400,596
1411,500,596
1420,600,596
1222,600,597
1231,500,597
1411,400,597
1014,200,597
1043,400,597
953,500,597
962,600,597
468,600,598
495,500,598
675,400,598
585,500,598
612,600,598
424,600,599
397,500,599
217,400,599
614,200,599
1321,400,599
1501,500,599
1474,600,599
944,600,600
953,500,600
1133,400,600
1043,500,600
1034,600,600
1294,600,601
1321,500,601
1321,400,601
614,200,601
217,400,601
397,500,601
370,600,601
872,600,602
863,500,602
1043,400,602
1014,200,602
1411,400,602
1411,500,602
1384,600,602
1402,600,603
1411,500,603
1501,400,603
1414,200,603
397,400,603
217,500,603
244,600,603
486,600,604
495,500,604
675,400,604
1014,200,604
1043,400,604
953,500,604
962,600,604
792,600,605
765,500,605
675,400,605
1014,200,605
1043,400,605
953,500,605
944,600,605
406,600,606
397,500,606
307,400,606
1014,200,606
1411,400,606
1321,500,606
1348,600,606
666,600,607
675,500,607
675,400,607
1014,200,607
1411,400,607
1231,500,607
1240,600,607
1016,600,608
1043,500,608
863,400,608
214,200,608
127,400,608
127,500,608
136,600,608
1312,600,609
1321,500,609
1330,600,609
774,600,610
765,500,610
585,400,610
614,200,610
217,400,610
127,500,610
118,600,610
836,600,611
863,500,611
1043,400,611
1043,500,611
1016,600,611
1438,600,612
1411,500,612
1231,400,612
214,200,612
127,400,612
127,500,612
136,600,612
136,600,613
127,500,613
217,400,613
614,200,613
585,400,613
585,500,613
576,600,613
666,600,614
675,500,614
495,400,614
214,200,614
1231,400,614
1321,500,614
1330,600,614
1312,600,615
1321,500,615
1411,400,615
1014,200,615
675,400,615
585,500,615
558,600,615
100,600,616
127,500,616
217,400,616
614,200,616
953,400,616
1043,500,616
1070,600,616
1528,600,617
1501,500,617
1231,400,617
214,200,617
863,400,617
1133,500,617
1124,600,617
792,600,618
765,500,618
585,400,618
614,200,618
217,400,618
307,500,618
316,600,618
612,600,619
585,500,619
675,400,619
1014,200,619
307,400,619
397,500,619
388,600,619
1258,600,620
1231,500,620
1501,400,620
1414,200,620
765,400,620
675,500,620
648,600,620
738,600,621
765,500,621
765,400,621
1414,200,621
397,400,621
217,500,621
226,600,621
468,600,622
495,500,622
675,400,622
1014,200,622
1411,400,622
1231,500,622
1240,600,622
118,600,623
127,500,623
397,400,623
1414,200,623
1133,400,623
863,500,623
872,600,623
1142,600,624
1133,500,624
1043,400,624
1014,200,624
307,400,624
307,500,624
316,600,624
702,600,625
675,500,625
585,400,625
585,500,625
594,600,625
980,600,626
953,500,626
953,400,626
614,200,626
217,400,626
397,500,626
406,600,626
190,600,627
217,500,627
208,600,627
1528,600,628
1501,500,628
1501,400,628
1414,200,628
1133,400,628
953,500,628
980,600,628
1258,600,629
1231,500,629
1411,400,629
1321,500,629
1294,600,629
738,600,630
765,500,630
675,400,630
1014,200,630
1411,400,630
1321,500,630
1330,600,630
1330,600,631
1321,500,631
1321,400,631
1411,500,631
1438,600,631
226,600,632
217,500,632
127,400,632
214,200,632
495,400,632
495,500,632
468,600,632
1142,600,633
1133,500,633
1043,400,633
1014,200,633
1411,400,633
1411,500,633
1420,600,633
1492,600,634
1501,500,634
1321,400,634
1231,500,634
1204,600,634
1124,600,635
1133,500,635
1043,400,635
953,500,635
962,600,635
1312,600,636
1321,500,636
1501,400,636
1414,200,636
1133,400,636
953,500,636
962,600,636
890,600,637
863,500,637
1133,400,637
953,500,637
962,600,637
1142,600,638
1133,500,638
953,400,638
863,500,638
872,600,638
1204,600,639
1231,500,639
1501,400,639
1411,500,639
1420,600,639
208,600,640
217,500,640
127,400,640
214,200,640
495,400,640
675,500,640
666,600,640
1510,600,641
1501,500,641
1501,400,641
1414,200,641
765,400,641
495,500,641
468,600,641
1016,600,642
1043,500,642
953,400,642
614,200,642
1321,400,642
1411,500,642
1420,600,642
244,600,643
217,500,643
397,400,643
1414,200,643
765,400,643
675,500,643
702,600,643
226,600,644
217,500,644
127,400,644
214,200,644
495,400,644
585,500,644
594,600,644
406,600,645
397,500,645
307,400,645
217,500,645
244,600,645
118,600,646
127,500,646
217,400,646
614,200,646
953,400,646
863,500,646
836,600,646
1384,600,647
1411,500,647
1321,400,647
614,200,647
217,400,647
217,500,647
208,600,647
522,600,648
495,500,648
765,400,648
1414,200,648
1133,400,648
953,500,648
962,600,648
774,600,649
765,500,649
765,400,649
1414,200,649
1133,400,649
863,500,649
854,600,649
836,600,650
863,500,650
1133,400,650
1414,200,650
765,400,650
675,500,650
648,600,650
1312,600,651
1321,500,651
1501,400,651
1414,200,651
765,400,651
675,500,651
702,600,651
774,600,652
765,500,652
675,400,652
1014,200,652
307,400,652
217,500,652
190,600,652
1528,600,653
1501,500,653
1501,400,653
1414,200,653
765,400,653
765,500,653
756,600,653
890,600,654
863,500,654
1043,400,654
1014,200,654
675,400,654
675,500,654
666,600,654
244,600,655
217,500,655
307,400,655
397,500,655
388,600,655
980,600,656
953,500,656
1043,400,656
1014,200,656
675,400,656
495,500,656
486,600,656
792,600,657
765,500,657
675,400,657
1014,200,657
1043,400,657
953,500,657
944,600,657
370,600,658
397,500,658
217,400,658
307,500,658
280,600,658
136,600,659
127,500,659
397,400,659
1414,200,659
1501,400,659
1501,500,659
1510,600,659
1240,600,660
1231,500,660
1501,400,660
1414,200,660
1133,400,660
1043,500,660
1016,600,660
684,600,661
675,500,661
675,400,661
1014,200,661
1411,400,661
1231,500,661
1204,600,661
100,600,662
127,500,662
217,400,662
614,200,662
953,400,662
1133,500,662
1106,600,662
1492,600,663
1501,500,663
1321,400,663
614,200,663
217,400,663
397,500,663
388,600,663
1204,600,664
1231,500,664
1411,400,664
1014,200,664
307,400,664
127,500,664
100,600,664
154,600,665
127,400,665
127,400,665
214,200,665
1231,400,665
1411,500,665
1438,600,665
1142,600,666
1133,500,666
953,400,666
953,500,666
980,600,666
684,600,667
675,500,667
585,400,667
614,200,667
953,400,667
863,500,667
872,600,667
1348,600,668
1321,500,668
1501,400,668
1414,200,668
397,400,668
217,500,668
226,600,668
576,600,669
585,500,669
585,400,669
614,200,669
953,400,669
953,500,669
980,600,669
406,600,670
397,500,670
307,400,670
1014,200,670
1043,400,670
863,500,670
890,600,670
756,600,671
765,500,671
675,400,671
1014,200,671
307,400,671
397,500,671
424,600,671
702,600,672
675,500,672
495,400,672
214,200,672
863,400,672
1133,500,672
1142,600,672
136,600,673
127,500,673
397,400,673
1414,200,673
1133,400,673
953,500,673
980,600,673
298,600,674
307,500,674
127,400,674
214,200,674
1231,400,674
1411,500,674
1420,600,674
1528,600,675
1501,500,675
1231,400,675
1231,500,675
1204,600,675
684,600,676
675,500,676
765,400,676
1414,200,676
1501,400,676
1411,500,676
1402,600,676
406,600,677
397,500,677
388,600,677
190,600,678
217,500,678
127,400,678
214,200,678
1231,400,678
1231,500,678
1240,600,678
280,600,679
307,500,679
397,400,679
1414,200,679
1133,400,679
1133,500,679
1142,600,679
890,600,680
863,500,680
863,400,680
214,200,680
1231,400,680
1411,500,680
1384,600,680
1384,600,681
1411,500,681
1501,400,681
1414,200,681
765,400,681
585,500,681
594,600,681
1052,600,682
1043,500,682
1133,400,682
1133,500,682
1124,600,682
118,600,683
127,400,683
127,400,683
214,200,683
495,400,683
765,500,683
738,600,683
334,600,684
307,500,684
217,400,684
614,200,684
1321,400,684
1231,500,684
1258,600,684
190,600,685
217,500,685
397,400,685
1414,200,685
765,400,685
675,500,685
666,600,685
1240,600,686
1231,500,686
1231,400,686
1411,500,686
1384,600,686
926,600,687
953,500,687
953,400,687
1133,500,687
1142,600,687
1258,600,688
1231,500,688
1501,400,688
1414,200,688
765,400,688
765,500,688
792,600,688
100,600,689
127,500,689
217,400,689
614,200,689
1321,400,689
1321,500,689
1294,600,689
774,600,690
765,500,690
495,400,690
214,200,690
1231,400,690
1501,500,690
1528,600,690
594,600,691
585,500,691
675,400,691
1014,200,691
1043,400,691
953,500,691
926,600,691
1034,600,692
1043,500,692
953,400,692
614,200,692
585,400,692
495,500,692
504,600,692
1492,600,693
1501,500,693
1321,400,693
614,200,693
585,400,693
675,500,693
702,600,693
1142,600,694
1133,500,694
1133,400,694
1043,500,694
1034,600,694
854,600,695
863,500,695
1043,400,695
1014,200,695
307,400,695
127,500,695
136,600,695
190,600,696
217,500,696
127,400,696
214,200,696
495,400,696
495,500,696
522,600,696
1438,600,697
1411,500,697
1321,400,697
614,200,697
217,400,697
127,500,697
118,600,697
468,600,698
495,500,698
675,400,698
765,500,698
756,600,698
854,600,699
863,500,699
953,400,699
614,200,699
1321,400,699
1321,500,699
1348,600,699
558,600,700
585,500,700
765,400,700
1414,200,700
1501,400,700
1501,500,700
1528,600,700
1384,600,701
1411,500,701
1438,600,701
522,600,702
495,500,702
495,400,702
214,200,702
1231,400,702
1321,500,702
1348,600,702
666,600,703
675,500,703
765,400,703
1414,200,703
1133,400,703
863,500,703
872,600,703
1312,600,704
1321,500,704
1231,400,704
214,200,704
127,400,704
127,500,704
118,600,704
926,600,705
953,500,705
863,400,705
863,500,705
890,600,705
100,600,706
127,400,706
127,400,706
214,200,706
495,400,706
585,500,706
576,600,706
1420,600,707
1411,500,707
1411,400,707
1014,200,707
675,400,707
675,500,707
702,600,707
594,600,708
585,500,708
585,400,708
614,200,708
217,400,708
397,500,708
370,600,708
648,600,709
675,500,709
675,400,709
1014,200,709
1043,400,709
1133,500,709
1160,600,709
1160,600,710
1133,500,710
863,400,710
214,200,710
127,400,710
127,500,710
136,600,710
1258,600,711
1231,500,711
1501,400,711
1414,200,711
765,400,711
675,500,711
702,600,711
1402,600,712
1411,500,712
1321,400,712
1501,500,712
1474,600,712
226,600,713
217,500,713
217,400,713
614,200,713
1321,400,713
1321,500,713
1348,600,713
612,600,714
585,500,714
765,400,714
765,500,714
774,600,714
1124,600,715
1133,500,715
953,400,715
614,200,715
217,400,715
397,500,715
424,600,715
424,600,716
397,500,716
127,400,716
214,200,716
863,400,716
1133,500,716
1142,600,716
926,600,717
953,500,717
1133,400,717
1414,200,717
1501,400,717
1231,500,717
1258,600,717
1016,600,718
1043,500,718
953,400,718
614,200,718
585,400,718
585,500,718
558,600,718
388,600,719
397,500,719
127,400,719
214,200,719
1231,400,719
1321,500,719
1348,600,719
1052,600,720
1043,500,720
1043,400,720
1014,200,720
675,400,720
765,500,720
774,600,720
1312,600,721
1321,500,721
1231,400,721
214,200,721
863,400,721
1133,500,721
1106,600,721
136,600,722
127,400,722
127,400,722
214,200,722
863,400,722
1133,500,722
1124,600,722
792,600,723
765,500,723
765,400,723
1414,200,723
1133,400,723
1043,500,723
1052,600,723
280,600,724
307,500,724
217,400,724
614,200,724
953,400,724
1043,500,724
1034,600,724
486,600,725
495,500,725
765,400,725
1414,200,725
397,400,725
127,500,725
118,600,725
612,600,726
585,500,726
765,400,726
765,500,726
774,600,726
1348,600,727
1321,500,727
1330,600,727
208,600,728
217,500,728
217,400,728
614,200,728
953,400,728
1043,500,728
1070,600,728
1474,600,729
1501,500,729
1411,400,729
1014,200,729
307,400,729
127,500,729
100,600,729
836,600,730
863,500,730
1043,400,730
1014,200,730
307,400,730
397,500,730
424,600,730
1294,600,731
1321,500,731
1411,400,731
1014,200,731
675,400,731
675,500,731
666,600,731
1016,600,732
1043,500,732
1043,400,732
1014,200,732
307,400,732
397,500,732
370,600,732
468,600,733
495,500,733
765,400,733
675,500,733
648,600,733
316,600,734
307,500,734
397,400,734
1414,200,734
1501,400,734
1411,500,734
1384,600,734
1160,600,735
1133,500,735
863,400,735
214,200,735
127,400,735
127,500,735
154,600,735
298,600,736
307,500,736
397,400,736
1414,200,736
765,400,736
765,500,736
774,600,736
1510,600,737
1501,500,737
1321,400,737
614,200,737
953,400,737
1043,500,737
1052,600,737
136,600,738
127,500,738
397,400,738
1414,200,738
1133,400,738
1133,500,738
1160,600,738
486,600,739
495,500,739
675,400,739
1014,200,739
1043,400,739
1133,500,739
1160,600,739
702,600,740
675,500,740
495,400,740
214,200,740
127,400,740
127,500,740
100,600,740
1106,600,741
1133,500,741
863,400,741
214,200,741
495,400,741
765,500,741
738,600,741
208,600,742
217,500,742
397,400,742
127,500,742
118,600,742
1330,600,743
1321,500,743
1411,400,743
1014,200,743
675,400,743
765,500,743
774,600,743
1160,600,744
1133,500,744
863,400,744
214,200,744
127,400,744
307,500,744
334,600,744
226,600,745
217,500,745
127,400,745
214,200,745
1231,400,745
1411,500,745
1384,600,745
872,600,746
863,500,746
953,400,746
614,200,746
1321,400,746
1501,500,746
1528,600,746
244,600,747
217,500,747
217,400,747
614,200,747
585,400,747
495,500,747
522,600,747
666,600,748
675,500,748
495,400,748
214,200,748
127,400,748
307,500,748
280,600,748
944,600,749
953,500,749
1133,400,749
1414,200,749
1501,400,749
1231,500,749
1240,600,749
1492,600,750
1501,500,750
1501,400,750
1231,500,750
1240,600,750
926,600,751
953,500,751
1133,400,751
863,500,751
872,600,751
136,600,752
127,500,752
397,400,752
1414,200,752
1501,400,752
1411,500,752
1420,600,752
1052,600,753
1043,500,753
863,400,753
214,200,753
495,400,753
765,500,753
774,600,753
1420,600,754
1411,500,754
1411,400,754
1014,200,754
675,400,754
675,500,754
684,600,754
558,600,755
585,500,755
585,400,755
614,200,755
217,400,755
397,500,755
370,600,755
836,600,756
863,500,756
1133,400,756
1043,500,756
1016,600,756
316,600,757
307,500,757
397,400,757
1414,200,757
1133,400,757
863,500,757
890,600,757
890,600,758
863,500,758
953,400,758
614,200,758
1321,400,758
1321,500,758
1348,600,758
118,600,759
127,500,759
217,400,759
217,500,759
208,600,759
1294,600,760
1321,500,760
1321,400,760
614,200,760
953,400,760
1133,500,760
1124,600,760
1402,600,761
1411,500,761
1231,400,761
214,200,761
127,400,761
307,500,761
298,600,761
1474,600,762
1501,500,762
1501,400,762
1414,200,762
1133,400,762
1133,500,762
1142,600,762
154,600,763
127,500,763
307,400,763
397,500,763
388,600,763
334,600,764
307,500,764
307,400,764
1014,200,764
1043,400,764
863,500,764
836,600,764
594,600,765
585,500,765
495,400,765
214,200,765
863,400,765
863,500,765
836,600,765
558,600,766
585,500,766
765,400,766
1414,200,766
397,400,766
217,500,766
208,600,766
136,600,767
127,500,767
217,400,767
614,200,767
1321,400,767
1321,500,767
1294,600,767
836,600,768
863,500,768
1133,400,768
1414,200,768
1501,400,768
1321,500,768
1294,600,768
486,600,769
495,500,769
585,400,769
614,200,769
1321,400,769
1501,500,769
1528,600,769
154,600,770
127,500,770
307,400,770
1014,200,770
1411,400,770
1501,500,770
1528,600,770
298,600,771
307,500,771
217,400,771
614,200,771
585,400,771
675,500,771
666,600,771
486,600,772
495,500,772
765,400,772
1414,200,772
1501,400,772
1321,500,772
1330,600,772
926,600,773
953,500,773
1043,400,773
1014,200,773
1411,400,773
1501,500,773
1474,600,773
316,600,774
307,500,774
127,400,774
127,500,774
100,600,774
504,600,775
495,500,775
495,400,775
214,200,775
1231,400,775
1501,500,775
1474,600,775
1034,600,776
1043,500,776
1133,400,776
1414,200,776
1501,400,776
1501,500,776
1510,600,776
280,600,777
307,500,777
217,400,777
614,200,777
1321,400,777
1411,500,777
1438,600,777
1420,600,778
1411,500,778
1501,400,778
1321,500,778
1312,600,778
316,600,779
307,500,779
397,400,779
1414,200,779
765,400,779
765,500,779
774,600,779
486,600,780
495,500,780
585,400,780
614,200,780
1321,400,780
1501,500,780
1492,600,780
666,600,781
675,500,781
495,400,781
214,200,781
127,400,781
397,500,781
388,600,781
980,600,782
953,500,782
1043,400,782
863,500,782
890,600,782
118,600,783
127,400,783
127,400,783
214,200,783
495,400,783
765,500,783
756,600,783
1384,600,784
1411,500,784
1321,400,784
614,200,784
217,400,784
217,500,784
244,600,784
1222,600,785
1231,500,785
1231,400,785
214,200,785
863,400,785
953,500,785
926,600,785
1034,600,786
1043,500,786
1133,400,786
1414,200,786
765,400,786
585,500,786
576,600,786
370,600,787
397,500,787
217,400,787
614,200,787
1321,400,787
1501,500,787
1492,600,787
738,600,788
765,500,788
765,400,788
585,500,788
558,600,788
926,600,789
953,500,789
953,400,789
614,200,789
217,400,789
397,500,789
388,600,789
136,600,790
127,400,790
127,400,790
214,200,790
863,400,790
953,500,790
944,600,790
1348,600,791
1321,500,791
1411,400,791
1014,200,791
1043,400,791
1043,500,791
1016,600,791
612,600,792
585,500,792
495,400,792
214,200,792
863,400,792
1133,500,792
1124,600,792
244,600,793
217,500,793
397,400,793
1414,200,793
765,400,793
585,500,793
612,600,793
388,600,794
397,500,794
307,400,794
1014,200,794
675,400,794
765,500,794
756,600,794
1528,600,795
1501,500,795
1474,600,795
1510,600,796
1501,500,796
1411,400,796
1014,200,796
307,400,796
217,500,796
244,600,796
1258,600,797
1231,500,797
1321,400,797
614,200,797
953,400,797
1133,500,797
1160,600,797
1330,600,798
1321,500,798
1501,400,798
1414,200,798
397,400,798
217,500,798
226,600,798
424,600,799
397,500,799
397,400,799
1414,200,799
1133,400,799
953,500,799
944,600,799
1258,600,800
1231,500,800
1411,400,800
1014,200,800
307,400,800
307,500,800
298,600,800
468,600,801
495,500,801
585,400,801
585,500,801
594,600,801
522,600,802
495,500,802
675,400,802
1014,200,802
307,400,802
307,500,802
334,600,802
1420,600,803
1411,500,803
1231,400,803
214,200,803
863,400,803
863,500,803
836,600,803
1124,600,804
1133,500,804
863,400,804
214,200,804
495,400,804
675,500,804
648,600,804
792,600,805
765,500,805
585,400,805
614,200,805
217,400,805
127,500,805
136,600,805
406,600,806
397,500,806
397,400,806
1414,200,806
1133,400,806
953,500,806
926,600,806
1052,600,807
1043,500,807
1043,400,807
1014,200,807
307,400,807
217,500,807
226,600,807
684,600,808
675,500,808
765,400,808
1414,200,808
397,400,808
307,500,808
334,600,808
244,600,809
217,500,809
307,400,809
1014,200,809
675,400,809
585,500,809
558,600,809
136,600,810
127,500,810
307,400,810
397,500,810
370,600,810
1474,600,811
1501,500,811
1231,400,811
214,200,811
127,400,811
217,500,811
208,600,811
612,600,812
585,500,812
495,400,812
214,200,812
1231,400,812
1411,500,812
1438,600,812
486,600,813
495,500,813
675,400,813
1014,200,813
1043,400,813
863,500,813
854,600,813
944,600,814
953,500,814
863,400,814
214,200,814
127,400,814
397,500,814
370,600,814
944,600,815
953,500,815
863,400,815
1133,500,815
1106,600,815
100,600,816
127,500,816
217,400,816
397,500,816
370,600,816
370,600,817
397,500,817
127,400,817
307,500,817
334,600,817
854,600,818
863,500,818
953,400,818
614,200,818
585,400,818
675,500,818
648,600,818
1510,600,819
1501,500,819
1321,400,819
614,200,819
217,400,819
307,500,819
316,600,819
648,600,820
675,500,820
495,400,820
214,200,820
127,400,820
397,500,820
388,600,820
1034,600,821
1043,500,821
863,400,821
214,200,821
495,400,821
675,500,821
702,600,821
854,600,822
863,500,822
863,400,822
214,200,822
1231,400,822
1411,500,822
1438,600,822
298,600,823
307,500,823
127,400,823
127,500,823
118,600,823
1258,600,824
1231,500,824
1321,400,824
1501,500,824
1492,600,824
468,600,825
495,500,825
585,400,825
614,200,825
217,400,825
217,500,825
208,600,825
980,600,826
953,500,826
953,400,826
614,200,826
1321,400,826
1501,500,826
1474,600,826
872,600,827
863,500,827
1043,400,827
953,500,827
944,600,827
1124,600,828
1133,500,828
1043,400,828
863,500,828
854,600,828
1510,600,829
1501,500,829
1321,400,829
614,200,829
953,400,829
1043,500,829
1016,600,829
792,600,830
765,500,830
495,400,830
214,200,830
1231,400,830
1321,500,830
1294,600,830
1384,600,831
1411,500,831
1501,400,831
1414,200,831
1133,400,831
1043,500,831
1034,600,831
1204,600,832
1231,500,832
1321,400,832
614,200,832
217,400,832
307,500,832
280,600,832
100,600,833
127,500,833
307,400,833
397,500,833
388,600,833
1492,600,834
1501,500,834
1231,400,834
214,200,834
127,400,834
127,500,834
136,600,834
890,600,835
863,500,835
1043,400,835
1014,200,835
675,400,835
585,500,835
558,600,835
1294,600,836
1321,500,836
1501,400,836
1411,500,836
1402,600,836
244,600,837
217,500,837
217,400,837
614,200,837
1321,400,837
1411,500,837
1420,600,837
890,600,838
863,500,838
953,400,838
953,500,838
926,600,838
594,600,839
585,500,839
585,400,839
614,200,839
1321,400,839
1411,500,839
1420,600,839
980,600,840
953,500,840
953,400,840
614,200,840
585,400,840
675,500,840
666,600,840
118,600,841
127,400,841
127,400,841
214,200,841
863,400,841
1043,500,841
1070,600,841
226,600,842
217,500,842
217,400,842
397,500,842
406,600,842
388,600,843
397,500,843
217,400,843
307,500,843
298,600,843
424,600,844
397,500,844
127,400,844
127,500,844
100,600,844
1420,600,845
1411,500,845
1321,400,845
614,200,845
217,400,845
307,500,845
298,600,845
316,600,846
307,500,846
307,400,846
1014,200,846
675,400,846
765,500,846
774,600,846
1384,600,847
1411,500,847
1411,400,847
1014,200,847
307,400,847
307,500,847
280,600,847
1312,600,848
1321,500,848
1501,400,848
1231,500,848
1204,600,848
280,600,849
307,500,849
316,600,849
468,600,850
495,500,850
675,400,850
1014,200,850
1411,400,850
1321,500,850
1294,600,850
1438,600,851
1411,500,851
1231,400,851
214,200,851
863,400,851
863,500,851
854,600,851
1294,600,852
1321,500,852
1321,400,852
614,200,852
217,400,852
307,500,852
334,600,852
702,600,853
675,500,853
585,400,853
614,200,853
217,400,853
127,500,853
118,600,853
1474,600,854
1501,500,854
1321,400,854
614,200,854
585,400,854
765,500,854
792,600,854
872,600,855
863,500,855
953,400,855
614,200,855
585,400,855
585,500,855
612,600,855
1510,600,856
1501,500,856
1231,400,856
214,200,856
127,400,856
217,500,856
244,600,856
1070,600,857
1043,500,857
953,400,857
614,200,857
1321,400,857
1501,500,857
1528,600,857
486,600,858
495,500,858
675,400,858
1014,200,858
1043,400,858
1043,500,858
1034,600,858
1240,600,859
1231,500,859
1204,600,859
468,600,860
495,500,860
486,600,860
334,600,861
307,500,861
217,400,861
397,500,861
388,600,861
424,600,862
397,500,862
397,400,862
1414,200,862
765,400,862
675,500,862
666,600,862
1034,600,863
1043,500,863
863,400,863
214,200,863
127,400,863
127,500,863
136,600,863
316,600,864
307,500,864
127,400,864
397,500,864
406,600,864
1474,600,865
1501,500,865
1231,400,865
214,200,865
495,400,865
585,500,865
558,600,865
890,600,866
863,500,866
863,400,866
214,200,866
127,400,866
217,500,866
190,600,866
154,600,867
127,400,867
127,400,867
214,200,867
495,400,867
495,500,867
504,600,867
1474,600,868
1501,500,868
1501,400,868
1414,200,868
765,400,868
585,500,868
612,600,868
1402,600,869
1411,500,869
1411,400,869
1014,200,869
307,400,869
307,500,869
334,600,869
100,600,870
127,400,870
127,400,870
214,200,870
863,400,870
1043,500,870
1016,600,870
334,600,871
307,500,871
397,400,871
1414,200,871
1501,400,871
1321,500,871
1348,600,871
424,600,872
397,500,872
397,400,872
1414,200,872
1133,400,872
1133,500,872
1124,600,872
792,600,873
765,500,873
675,400,873
1014,200,873
1043,400,873
863,500,873
854,600,873
1016,600,874
1043,500,874
953,400,874
614,200,874
585,400,874
765,500,874
792,600,874
154,600,875
127,400,875
127,400,875
214,200,875
495,400,875
675,500,875
684,600,875
1016,600,876
1043,500,876
953,400,876
614,200,876
1321,400,876
1231,500,876
1240,600,876
118,600,877
127,500,877
217,400,877
614,200,877
585,400,877
675,500,877
702,600,877
944,600,878
953,500,878
1043,400,878
1014,200,878
307,400,878
307,500,878
280,600,878
854,600,879
863,500,879
1133,400,879
1414,200,879
397,400,879
127,500,879
136,600,879
756,600,880
765,500,880
585,400,880
614,200,880
1321,400,880
1321,500,880
1312,600,880
468,600,881
495,500,881
765,400,881
1414,200,881
397,400,881
307,500,881
280,600,881
756,600,882
765,500,882
585,400,882
614,200,882
217,400,882
127,500,882
154,600,882
738,600,883
765,500,883
495,400,883
214,200,883
127,400,883
127,500,883
136,600,883
558,600,884
585,500,884
675,400,884
765,500,884
792,600,884
1258,600,885
1231,500,885
1411,400,885
1014,200,885
307,400,885
127,500,885
118,600,885
190,600,886
217,500,886
217,400,886
614,200,886
585,400,886
585,500,886
612,600,886
280,600,887
307,500,887
307,400,887
1014,200,887
1043,400,887
1043,500,887
1034,600,887
226,600,888
217,500,888
307,400,888
1014,200,888
1411,400,888
1321,500,888
1330,600,888
648,600,889
675,500,889
675,400,889
1014,200,889
307,400,889
397,500,889
406,600,889
1016,600,890
1043,500,890
1043,400,890
1014,200,890
675,400,890
585,500,890
594,600,890
836,600,891
863,500,891
1133,400,891
1414,200,891
1501,400,891
1321,500,891
1330,600,891
316,600,892
307,500,892
217,400,892
614,200,892
585,400,892
765,500,892
756,600,892
118,600,893
127,500,893
397,400,893
1414,200,893
1501,400,893
1321,500,893
1348,600,893
594,600,894
585,500,894
675,400,894
1014,200,894
1043,400,894
953,500,894
962,600,894
468,600,895
495,500,895
675,400,895
1014,200,895
1411,400,895
1501,500,895
1528,600,895
1510,600,896
1501,500,896
1231,400,896
1411,500,896
1384,600,896
1348,600,897
1321,500,897
1411,400,897
1014,200,897
1043,400,897
1043,500,897
1034,600,897
854,600,898
863,500,898
1133,400,898
1414,200,898
765,400,898
585,500,898
612,600,898
1330,600,899
1321,500,899
1321,400,899
1231,500,899
1240,600,899
1240,600,900
1231,500,900
1501,400,900
1414,200,900
1133,400,900
1133,500,900
1124,600,900
944,600,901
953,500,901
953,400,901
614,200,901
585,400,901
675,500,901
666,600,901
522,600,902
495,500,902
585,400,902
614,200,902
217,400,902
307,500,902
316,600,902
226,600,903
217,500,903
397,400,903
1414,200,903
765,400,903
585,500,903
594,600,903
118,600,904
127,500,904
217,400,904
397,500,904
370,600,904
468,600,905
495,500,905
765,400,905
1414,200,905
1501,400,905
1321,500,905
1348,600,905
774,600,906
765,500,906
495,400,906
214,200,906
1231,400,906
1411,500,906
1402,600,906
370,600,907
397,500,907
397,400,907
1414,200,907
1133,400,907
1133,500,907
1124,600,907
872,600,908
863,500,908
863,400,908
1043,500,908
1052,600,908
1222,600,909
1231,500,909
1321,400,909
614,200,909
953,400,909
863,500,909
854,600,909
486,600,910
495,500,910
675,400,910
1014,200,910
1411,400,910
1321,500,910
1312,600,910
558,600,911
585,500,911
585,400,911
614,200,911
1321,400,911
1321,500,911
1294,600,911
1492,600,912
1501,500,912
1231,400,912
214,200,912
495,400,912
585,500,912
612,600,912
872,600,913
863,500,913
863,400,913
214,200,913
495,400,913
765,500,913
792,600,913
